source_file,file_bytes,sha256
Data/processed/transfermarkt_clean/player_identity_union.csv,18261926,2e8effe416d06da9f760785883113373fb879ad7b1ebaf27a59fc751468a9b7f
Data/processed/transfermarkt_clean/player_name_observations.csv,16426792,c73991bd3a1ff8eb5a878f7709a36d1b35e25061534306fbfd7010d56cdac84a
Data/processed/transfermarkt_clean/club_dimension_historical.csv,760645,2a89325ee2bb8cbfe2da67697b9af5440dad226730db75c03d7394b1ed16b62e
Data/processed/transfermarkt_clean/club_name_observations.csv,9166134,24e2759b8d491a22d014b0cd21c14b13ed63adf9f35609ac8a83e5b9eb8bf1df
Data/processed/transfermarkt_clean/tables/players_clean.csv,18209713,8d9761351cc08b036de26baa355870a370ac693d6f355eba3f81c0da15668b41
Data/processed/transfermarkt_clean/tables/appearances_clean.csv,219005338,84d0683ddc51ed1d2c65c4408df58767fd8916de95b3c48978b4587e151a855c
Data/processed/transfermarkt_clean/tables/games_clean.csv,30425118,811477757a1c2c3f29315a9b95d9785096a5b64dbc9ca08caf9b8f72617afd82
Data/processed/transfermarkt_clean/tables/competitions_clean.csv,13218,2b7e2aab78c8cd8a7da95d2d0d217c51fd23b27c1c444133e1b01c158fea5b23
Data/processed/fbref_2017_2024_clean/fbref_player_squad_season_clean.csv,8999039,25691a12af419527764ffe5f697a4ac3521965879773098aa5f3be11b3c89f7e
Data/processed/football_datalake_clean/tables/player_profiles_clean.csv,48598542,cced9101ac9b6f2e23cdd3f42bf82804b966edba9b3381dea985dd8a1916e776
Data/processed/football_datalake_clean/tables/player_performances_clean.csv,520009020,b9579ca3acec11cdbde7acf960bd24033b4593937d62da965273edea77c4caee
Data/processed/football_datalake_clean/tables/team_details_clean.csv,1049897,aa2c95c1751f5e7d5bd50c48a677846851543d2e675dcad0ad2f1ceba1a56eba
Data/processed/football_datalake_clean/tables/team_competitions_seasons_clean.csv,23963077,7706c0d82600216c3ae10b243ba1f5ba82283331ff28e56406701127298fff31
Data/processed/football_datalake_clean/tables/transfer_history_clean.csv,311157572,adf6eb9b131f71b793df7a1ba8e0a725c686dbb4223f855df6c54d56fa0ea9a4
Data/processed/football_datalake_clean/tables/team_children_clean.csv,1743982,eccc7615079fbb787a631a24bd876d9f0ea08e242d90844adb482d37ebaa154f
Data/processed/football_datalake_clean/tables/player_injuries_clean.csv,32525298,7698233b124234541a083e43fb94bbff90eb1db7dbf011d382bf473c2a7822f3
