season_start_year,coverage_tier,rows
2017,lag1_only,13326
2017,no_prior_three_season_history,11796
2017,older_history_only,4644
2017,three_exact_lags,66381
2017,two_exact_lags,12017
2018,lag1_only,14070
2018,no_prior_three_season_history,13428
2018,older_history_only,4791
2018,three_exact_lags,71592
2018,two_exact_lags,12337
2019,lag1_only,14285
2019,no_prior_three_season_history,13714
2019,older_history_only,5041
2019,three_exact_lags,74308
2019,two_exact_lags,12483
2020,lag1_only,15070
2020,no_prior_three_season_history,14457
2020,older_history_only,5306
2020,three_exact_lags,75494
2020,two_exact_lags,12694
2021,lag1_only,17759
2021,no_prior_three_season_history,16083
2021,older_history_only,6619
2021,three_exact_lags,85339
2021,two_exact_lags,14844
2022,lag1_only,19472
2022,no_prior_three_season_history,14650
2022,older_history_only,5205
2022,three_exact_lags,92259
2022,two_exact_lags,16181
2023,lag1_only,16251
2023,no_prior_three_season_history,12326
2023,older_history_only,5553
2023,three_exact_lags,98562
2023,two_exact_lags,16932
