area,metric,value
canonical_spine,performance_rows,2084606
canonical_spine,seasons,58
canonical_spine,competitions,1643
canonical_spine,modeling_scope_2017_2024_rows,905269
canonical_spine,basic_model_eligible_definition_minutes,450
fbref,source_rows,18243
fbref,accepted_rows,17790
fbref,unresolved_rows,453
current_appearances,source_rows,1894350
current_appearances,included_club_rows,1891323
current_appearances,aggregated_keys,195365
current_lineups,source_rows,3179016
current_lineups,included_club_rows,3169007
current_lineups,aggregated_keys,472821
supplemental_datalake,source_rows,1878719
supplemental_datalake,canonical_keys,1878719
reconciliation,difference_review_rows,49595
exclusions,national_team_appearance_rows,3027
exclusions,national_team_lineup_rows,10009
coverage_tier,fbref_enriched,246
coverage_tier,fbref_plus_match_logs,17544
coverage_tier,lineup_only,170013
coverage_tier,match_logs,14719
coverage_tier,match_logs_plus_lineups,163102
coverage_tier,season_summary_only,1718982
