profile_id,domain,proposed_profile,candidate_metrics,local_evidence,current_use,timing_rule,relevant_outcomes,priority
P01,player_role_trajectory,Recent role and selection trajectory,start share; bench share; captaincy; positional entropy; role changes; 30/90/365-day trends,"game_lineups 3.18M rows; development prior365 lineup coverage 88.3%, >=10 rows 75.2%",constructed and tested; did not clear adjusted evidence gate,strictly dated match records,loan risk; meaningful stay,P0_COMPLETE
P02,squad_competition,Player-relative squad depth,same-position minutes/start rank; competitor count; age/value/wage gap; incoming positional competition,appearances + lineups + valuations + salaries; verified event-grain profiles built,constructed and tested; did not clear adjusted evidence gate,squad reconstructed as of signing date,loan risk; meaningful stay,P0_COMPLETE
P03,club_movement_behavior,Lagged club loan/sale/extension behavior,prior loan-out rate; permanent-sale rate; extension-to-loan/sale rate; age/position-conditioned turnover,"1.106M canonical transfer events + 2,805 extension events",constructed and tested; small temporary-movement hints did not clear adjusted gate,events strictly before each signing,loan and permanent risks,P0_COMPLETE
P04,manager_tactical_stability,Manager and formation stability,manager tenure; changes in 365d; formation entropy; position-system fit; matches under current manager,"88,958 games; development manager coverage 95.1% and formation/current-manager-role coverage 87.9%",constructed and tested; no predeclared block passed,pre-signing games only,meaningful stay; permanent risk,P0_COMPLETE
P05,relative_financial_status,Player status inside club economics,wage percentile; same-position wage rank; wage-to-minutes mismatch; value/payroll share; proposed tier jump,"salary panels + 1,074 canonical payroll/transfer club-seasons",club-level financial blocks constructed and rejected as continuity repairs; proposal-tier movement remains untested,lagged payroll; proposal metrics must be scenario-labeled,all decision modules,P1_PARTIAL
P06,market_trajectory,Player and club-relative value trajectory,6/12/24m momentum; volatility; staleness; peak drawdown; squad value rank; value-to-role mismatch,1.408M canonical dated valuations,partially engineered; compact V2 uses only current log value,observations dated before signing,permanent risk; financial downside,P1
P07,injury_availability,Historical availability burden,days unavailable; spell count; recurrence; recency; burden per playing opportunity; injury-type groups,15.6K thesis rows previously tested; 143K ID-linked injuries dormant; development any-prior coverage 70.4% in audited source,larger source not integrated,injury start/end before signing; open spells handled explicitly,meaningful stay; wage exposure,P1
P08,club_competitive_trajectory,Club sporting level and transition,points/game trend; rank; promotion/relegation; European load; goal-difference trend,"58,247 team-season rows + 177,916 club-games; standings coverage 97.3%",older context research only,last completed season or pre-signing games,all movement states,P1
P09,role_normalized_style,Position/role-normalized player archetype,"within-role percentiles for progression, creation, defending, aerials, carrying; multi-season trend","17,790 accepted advanced FBref rows x85 fields; old role-standardized styles exist",research-only; current V2 uses none,completed seasons before signing; position-specific definitions,meaningful stay; value downside,P1
P10,cohesion_network,Dated teammate and lineup continuity,co-start network; retained teammate share; stable-unit minutes; same-position competition,1.257M career teammate edges are not time-safe; dated lineups available,unsafe aggregate table dormant; dated reconstruction absent,"must reconstruct from dated matches, never career snapshot",meaningful stay,P1
P11,promotion_transition,Promoted-club context,prior second-tier payroll/transfer level; squad churn; promotion flag; top-flight experience,current prior Big-Five club context missing for 12.2% of continuity development evaluation rows,not constructed,requires comparable second-tier historical sources,league reliability; all states,P0
P12,statsbomb_microstyle,Event-level technical/tactical profile,"pressure, reception, pass/carry zones, shot quality, defensive actions, spatial role",14.87M local events but selective modern Big-Five coverage; >=3 reviewed prior matches only 0.18% of development extensions,case-study only,reviewed identity and representative coverage required,"case study, not global engine",P3
P13,contract_scenario,Proposal-conditioned contract profile,"term, age at expiry, wage change, commitment/value ratio, options",Capology extension and salary data,commercial fields exist but excluded from unconditional V2 risk,"must be explicitly user-proposed scenario, not silently historical","decision support, not player-intrinsic risk",P1
