metric,metric_class,formula,unit,required_inputs,status,limitation
age_at_expiration,deterministic_formula,age_at_signing + proposed_contract_years,years,age_at_signing; proposed_contract_years,supported,Does not incorporate unilateral options unless explicitly entered.
fixed_wage_commitment,deterministic_formula,proposed_annual_gross_fixed_wage * proposed_contract_years,EUR,proposed_annual_gross_fixed_wage; proposed_contract_years,supported_proxy,"Estimated fixed commitment; termination, renewal, taxes, and special clauses are outside scope."
reported_bonus_adjusted_annual_pay,deterministic_formula,annual_gross_fixed_wage + reported_annual_bonus,EUR/year,annual_gross_fixed_wage; reported_annual_bonus,optional_sparse,"Bonus is missing, not zero, for most pre-2022 records; do not impute as guaranteed."
wage_to_market_value,deterministic_formula,proposed_annual_gross_fixed_wage / current_market_value,ratio,proposed_annual_gross_fixed_wage; current_market_value,supported,"Public market value is an estimate, not sale proceeds."
fixed_commitment_to_market_value,deterministic_formula,fixed_wage_commitment / current_market_value,ratio,fixed_wage_commitment; current_market_value,supported_proxy,Shows commitment scale relative to public asset value.
estimated_acquisition_commitment,deterministic_formula,proposed_transfer_fee + fixed_wage_commitment,EUR,proposed_transfer_fee; fixed_wage_commitment,supported_proxy,"Excludes agent, signing, tax, solidarity, contingent, and financing costs."
transfer_premium,deterministic_formula,(proposed_transfer_fee - current_market_value) / current_market_value,ratio,proposed_transfer_fee; current_market_value,supported,"Benchmark against a public value estimate, not intrinsic fair value."
annual_wage_peer_premium,historical_peer_benchmark,proposed_annual_wage / expected_peer_annual_wage - 1,ratio,proposed_annual_wage; Phase-4 annual_wage benchmark,candidate_if_validated,"Historical comparator, not proof of overpayment."
contract_duration_peer_delta,historical_peer_benchmark,proposed_contract_years - expected_peer_contract_years,years,proposed_contract_years; Phase-4 duration benchmark,candidate_if_validated,"Historical comparator, not an optimal term recommendation."
fixed_commitment_peer_premium,historical_peer_benchmark,proposed_fixed_commitment / expected_peer_fixed_commitment - 1,ratio,proposed_fixed_commitment; Phase-4 commitment benchmark,candidate_if_validated,"Historical comparator, not a total-cost estimate."
club_salary_percentile,historical_observed_context,percentile rank among known club salaries,percentile,club salary panel; player salary,supported_when_matched,Known-salary panel may omit players and bonuses.
club_known_payroll_share,historical_observed_context,player annual gross wage / total known club annual gross wages,ratio,club salary panel,supported_when_matched,"Denominator is known-panel payroll, not audited total payroll."
