case_id,case_category,canonical_performance_id,player_name,origin_club,destination_club,role_name,competition_name,target_key,target_label,unit,candidate_feature_set,candidate_model_family,candidate_hyperparameters,baseline_prediction,compatibility_prediction,compatibility_lift,realized_outcome,realized_vs_baseline,baseline_absolute_error,compatibility_absolute_error,mae_improvement,compatibility_prediction_more_accurate,direction_correct,outcome_band
case_01,confirmed_positive,pts:121477:379:GB1:2021,Craig Dawson,Watford,West Ham United,Defender,Premier League,opportunity,Destination minutes share,share_0_to_1,full_explicit_fit,elastic_net,"{""alpha"": 10.0, ""l1_ratio"": 0.1}",0.5123274806885171,0.5200935740974639,0.00776609340894685,0.827027027027027,0.31469954633850994,0.3146995463385099,0.3069334529295631,0.0077660934089468,True,True,high_usage
case_01,confirmed_positive,pts:121477:379:GB1:2021,Craig Dawson,Watford,West Ham United,Defender,Premier League,performance,Role-adjusted performance index,role_season_standardized_index,full_explicit_fit,gradient_boosted_trees,"{""learning_rate"": 0.05, ""max_depth"": 2, ""max_features"": 48, ""min_samples_leaf"": 10, ""n_estimators"": 50}",-0.1609766596939867,-0.1388987215312384,0.022077938162748306,0.0539409100484652,0.2149175697424519,0.2149175697424519,0.1928396315797035,0.0220779381627483,True,True,near_role_average
case_02,confirmed_positive,pts:284884:940:ES1:2022,Óscar Rodríguez Arnaiz,Sevilla FC,Celta de Vigo,Midfielder,La Liga,opportunity,Destination minutes share,share_0_to_1,full_explicit_fit,elastic_net,"{""alpha"": 0.1, ""l1_ratio"": 0.9}",0.3956510793527452,0.4118187172455929,0.016167637892847697,0.5330330330330331,0.13738195368028788,0.1373819536802878,0.1212143157874401,0.0161676378928476,True,True,rotation_usage
case_02,confirmed_positive,pts:284884:940:ES1:2022,Óscar Rodríguez Arnaiz,Sevilla FC,Celta de Vigo,Midfielder,La Liga,performance,Role-adjusted performance index,role_season_standardized_index,full_explicit_fit,gradient_boosted_trees,"{""learning_rate"": 0.05, ""max_depth"": 1, ""max_features"": 48, ""min_samples_leaf"": 12, ""n_estimators"": 50}",-0.0179389067982076,0.0491439213824718,0.0670828281806794,0.0663230384924339,0.0842619452906415,0.0842619452906415,0.0171791171099621,0.0670828281806794,True,True,near_role_average
case_03,confirmed_warning,pts:286779:2687:ES1:2023,Jorge Meré,América,Cádiz CF,Defender,La Liga,opportunity,Destination minutes share,share_0_to_1,full_explicit_fit,elastic_net,"{""alpha"": 0.1, ""l1_ratio"": 0.9}",0.3657203398254235,0.3265281593642774,-0.03919218046114609,0.2021021021021021,-0.1636182377233214,0.1636182377233214,0.1244260572621753,0.039192180461146,True,True,limited_usage
case_03,confirmed_warning,pts:286779:2687:ES1:2023,Jorge Meré,América,Cádiz CF,Defender,La Liga,performance,Role-adjusted performance index,role_season_standardized_index,full_explicit_fit,gradient_boosted_trees,"{""learning_rate"": 0.03, ""max_depth"": 2, ""max_features"": 48, ""min_samples_leaf"": 15, ""n_estimators"": 100}",-0.2073976154009175,-0.2795347147991569,-0.07213709939823942,-0.4762030315375522,-0.2688054161366347,0.2688054161366347,0.1966683167383953,0.0721370993982394,True,True,near_role_average
case_04,confirmed_warning,pts:238752:1390:IT1:2021,Keita Baldé,Monaco,Cagliari Calcio,Forward,Serie A,opportunity,Destination minutes share,share_0_to_1,full_explicit_fit,elastic_net,"{""alpha"": 10.0, ""l1_ratio"": 0.1}",0.4952299999145742,0.4405052442588317,-0.05472475565574253,0.369069069069069,-0.12616093084550523,0.1261609308455052,0.0714361751897627,0.0547247556557425,True,True,rotation_usage
case_04,confirmed_warning,pts:238752:1390:IT1:2021,Keita Baldé,Monaco,Cagliari Calcio,Forward,Serie A,performance,Role-adjusted performance index,role_season_standardized_index,full_explicit_fit,gradient_boosted_trees,"{""learning_rate"": 0.05, ""max_depth"": 2, ""max_features"": 48, ""min_samples_leaf"": 10, ""n_estimators"": 50}",0.4359132257871667,0.2186267884684521,-0.21728643731871458,-0.2689925277828365,-0.7049057535700032,0.7049057535700032,0.4876193162512886,0.2172864373187145,True,True,near_role_average
case_05,confirmed_warning,pts:80444:405:GB1:2022,Philippe Coutinho,Barcelona,Aston Villa,Midfielder,Premier League,opportunity,Destination minutes share,share_0_to_1,full_explicit_fit,elastic_net,"{""alpha"": 0.1, ""l1_ratio"": 0.9}",0.6227747464632976,0.4745050725845902,-0.14826967387870738,0.2304093567251462,-0.3923653897381514,0.3923653897381514,0.2440957158594439,0.1482696738787074,True,True,limited_usage
case_05,confirmed_warning,pts:80444:405:GB1:2022,Philippe Coutinho,Barcelona,Aston Villa,Midfielder,Premier League,performance,Role-adjusted performance index,role_season_standardized_index,full_explicit_fit,gradient_boosted_trees,"{""learning_rate"": 0.05, ""max_depth"": 1, ""max_features"": 48, ""min_samples_leaf"": 12, ""n_estimators"": 50}",0.2837276327541032,0.2215318953297137,-0.06219573742438947,0.0189460447791729,-0.2647815879749303,0.2647815879749303,0.2025858505505408,0.0621957374243894,True,True,near_role_average
case_06,validated_tradeoff,pts:456492:3:L1:2023,Faride Alidou,Frankfurt,1.FC Köln,Forward,Bundesliga,opportunity,Destination minutes share,share_0_to_1,full_explicit_fit,elastic_net,"{""alpha"": 0.1, ""l1_ratio"": 0.9}",0.3422189186180057,0.3791800431329217,0.03696112451491601,0.4189542483660131,0.0767353297480074,0.0767353297480074,0.0397742052330913,0.036961124514916,True,True,rotation_usage
case_06,validated_tradeoff,pts:456492:3:L1:2023,Faride Alidou,Frankfurt,1.FC Köln,Forward,Bundesliga,performance,Role-adjusted performance index,role_season_standardized_index,full_explicit_fit,gradient_boosted_trees,"{""learning_rate"": 0.03, ""max_depth"": 2, ""max_features"": 48, ""min_samples_leaf"": 15, ""n_estimators"": 100}",0.1780432839640348,0.0962885029782607,-0.08175478098577409,-0.2906456254362946,-0.46868890940032937,0.4686889094003293,0.3869341284145552,0.0817547809857741,True,True,near_role_average
case_07,validated_tradeoff,pts:66100:131:ES1:2023,Oriol Romeu,Girona,FC Barcelona,Midfielder,La Liga,opportunity,Destination minutes share,share_0_to_1,full_explicit_fit,elastic_net,"{""alpha"": 0.1, ""l1_ratio"": 0.9}",0.5768572170560072,0.5236354469586783,-0.05322177009732898,0.2810810810810811,-0.29577613597492614,0.2957761359749261,0.2425543658775971,0.0532217700973289,True,True,limited_usage
case_07,validated_tradeoff,pts:66100:131:ES1:2023,Oriol Romeu,Girona,FC Barcelona,Midfielder,La Liga,performance,Role-adjusted performance index,role_season_standardized_index,full_explicit_fit,gradient_boosted_trees,"{""learning_rate"": 0.03, ""max_depth"": 2, ""max_features"": 48, ""min_samples_leaf"": 15, ""n_estimators"": 100}",-0.2016512641104181,-0.0531345165922204,0.14851674751819768,0.0424009057521834,0.24405216986260148,0.2440521698626014,0.0955354223444037,0.1485167475181976,True,True,near_role_average
case_08,false_positive,pts:82503:367:ES1:2023,Aridane Hernández,CA Osasuna,Rayo Vallecano,Defender,La Liga,opportunity,Destination minutes share,share_0_to_1,full_explicit_fit,elastic_net,"{""alpha"": 0.1, ""l1_ratio"": 0.9}",0.4966384655649855,0.5518897268102109,0.05525126124522539,0.5075075075075075,0.010869041942522029,0.010869041942522,0.0443822193027033,-0.0335131773601813,False,True,rotation_usage
case_08,false_positive,pts:82503:367:ES1:2023,Aridane Hernández,CA Osasuna,Rayo Vallecano,Defender,La Liga,performance,Role-adjusted performance index,role_season_standardized_index,full_explicit_fit,gradient_boosted_trees,"{""learning_rate"": 0.03, ""max_depth"": 2, ""max_features"": 48, ""min_samples_leaf"": 15, ""n_estimators"": 100}",-0.2557504205965145,-0.1199907429962179,0.13575967760029659,-0.4059393287007372,-0.1501889081042227,0.1501889081042227,0.2859485857045193,-0.1357596776002966,False,False,near_role_average
case_09,false_positive,pts:623040:276:IT1:2022,Yayah Kallon,Genoa,Hellas Verona,Midfielder,Serie A,opportunity,Destination minutes share,share_0_to_1,full_explicit_fit,elastic_net,"{""alpha"": 0.1, ""l1_ratio"": 0.9}",0.2301612517308314,0.3327693146992425,0.10260806296841107,0.2582582582582582,0.028097006527426804,0.0280970065274268,0.0745110564409842,-0.0464140499135574,False,True,limited_usage
case_09,false_positive,pts:623040:276:IT1:2022,Yayah Kallon,Genoa,Hellas Verona,Midfielder,Serie A,performance,Role-adjusted performance index,role_season_standardized_index,full_explicit_fit,gradient_boosted_trees,"{""learning_rate"": 0.05, ""max_depth"": 1, ""max_features"": 48, ""min_samples_leaf"": 12, ""n_estimators"": 50}",-0.0462866282874666,0.0250889980818659,0.0713756263693325,-0.0488668645685657,-0.002580236281099095,0.002580236281099,0.0739558626504316,-0.0713756263693325,False,False,near_role_average
case_10,false_warning,pts:352392:667:FR1:2021,Lucas Perrin,Marseille,RC Strasbourg Alsace,Defender,Ligue 1,opportunity,Destination minutes share,share_0_to_1,full_explicit_fit,elastic_net,"{""alpha"": 10.0, ""l1_ratio"": 0.1}",0.4818343556934154,0.41067655624305,-0.07115779945036538,0.7513513513513513,0.26951699565793596,0.2695169956579359,0.3406747951083013,-0.0711577994503653,False,False,high_usage
case_10,false_warning,pts:352392:667:FR1:2021,Lucas Perrin,Marseille,RC Strasbourg Alsace,Defender,Ligue 1,performance,Role-adjusted performance index,role_season_standardized_index,full_explicit_fit,gradient_boosted_trees,"{""learning_rate"": 0.05, ""max_depth"": 2, ""max_features"": 48, ""min_samples_leaf"": 10, ""n_estimators"": 50}",0.1880523222383028,0.0683535792056205,-0.11969874303268228,0.183594828245179,-0.0044574939931237845,0.0044574939931237,0.1152412490395585,-0.1107837550464347,False,True,near_role_average
case_11,false_warning,pts:181378:417:FR1:2022,Gaëtan Laborde,Stade Rennais,OGC Nice,Forward,Ligue 1,opportunity,Destination minutes share,share_0_to_1,full_explicit_fit,elastic_net,"{""alpha"": 0.1, ""l1_ratio"": 0.9}",0.633775155689442,0.547162895339225,-0.08661226035021696,0.7525525525525526,0.11877739686311062,0.1187773968631106,0.2053896572133275,-0.0866122603502169,False,False,high_usage
case_11,false_warning,pts:181378:417:FR1:2022,Gaëtan Laborde,Stade Rennais,OGC Nice,Forward,Ligue 1,performance,Role-adjusted performance index,role_season_standardized_index,full_explicit_fit,gradient_boosted_trees,"{""learning_rate"": 0.05, ""max_depth"": 1, ""max_features"": 48, ""min_samples_leaf"": 12, ""n_estimators"": 50}",0.0714006401776116,0.0591551498676849,-0.012245490309926693,0.2475454724224724,0.17614483224486083,0.1761448322448608,0.1883903225547875,-0.0122454903099266,False,False,near_role_average
case_12,false_warning,pts:25488:380:IT1:2023,Antonio Candreva,Sampdoria,US Salernitana 1919,Midfielder,Serie A,opportunity,Destination minutes share,share_0_to_1,full_explicit_fit,elastic_net,"{""alpha"": 0.1, ""l1_ratio"": 0.9}",0.616843082119746,0.5891747155850422,-0.027668366534703837,0.8986928104575164,0.28184972833777033,0.2818497283377703,0.3095180948724741,-0.0276683665347038,False,False,high_usage
case_12,false_warning,pts:25488:380:IT1:2023,Antonio Candreva,Sampdoria,US Salernitana 1919,Midfielder,Serie A,performance,Role-adjusted performance index,role_season_standardized_index,full_explicit_fit,gradient_boosted_trees,"{""learning_rate"": 0.03, ""max_depth"": 2, ""max_features"": 48, ""min_samples_leaf"": 15, ""n_estimators"": 100}",0.116485965333426,0.0131188011111127,-0.1033671642223133,0.1326601085789186,0.0161741432454926,0.0161741432454926,0.1195413074678059,-0.1033671642223133,False,False,near_role_average
