strategy,endpoint,risk_band,rows,unique_players,mean_probability,observed_rate,mean_actual_share
existing_ordered_policy,underutilization_10pct,1,118,109,0.09454165745753591,0.1864406779661017,0.3583592632859328
existing_ordered_policy,underutilization_10pct,2,117,113,0.1527258075843917,0.23076923076923078,0.31485568913661927
existing_ordered_policy,underutilization_10pct,3,115,114,0.2241827083398537,0.2782608695652174,0.2724931616540776
existing_ordered_policy,underutilization_10pct,4,117,112,0.3484935868550972,0.37606837606837606,0.25442277926370255
existing_ordered_policy,underutilization_10pct,5,117,115,0.5600929610364986,0.7008547008547008,0.11215970967634628
existing_ordered_policy,underutilization_25pct,1,118,110,0.2084207420464552,0.4152542372881356,0.32725810294629853
existing_ordered_policy,underutilization_25pct,2,117,112,0.33284837378523324,0.42735042735042733,0.31321070757476294
existing_ordered_policy,underutilization_25pct,3,115,113,0.43558470595141047,0.48695652173913045,0.30397883392114683
existing_ordered_policy,underutilization_25pct,4,117,113,0.5636524006712098,0.5811965811965812,0.25768233495684595
existing_ordered_policy,underutilization_25pct,5,117,115,0.782495124394541,0.8376068376068376,0.11096466212081901
selected_compact_calibrated,underutilization_10pct,1,118,113,0.08777246865551032,0.17796610169491525,0.3683308505606029
selected_compact_calibrated,underutilization_10pct,2,117,115,0.16720304138888661,0.20512820512820512,0.3415285956174571
selected_compact_calibrated,underutilization_10pct,3,115,111,0.2516719050336154,0.33043478260869563,0.2507192402956476
selected_compact_calibrated,underutilization_10pct,4,117,113,0.39953105648690684,0.4017094017094017,0.22012214094917057
selected_compact_calibrated,underutilization_10pct,5,117,113,0.636463527522138,0.6581196581196581,0.13113234456823175
selected_compact_calibrated,underutilization_25pct,1,118,115,0.29140253559758666,0.3389830508474576,0.36709336517708097
selected_compact_calibrated,underutilization_25pct,2,117,110,0.40228805820278846,0.4017094017094017,0.35657607243582023
selected_compact_calibrated,underutilization_25pct,3,115,112,0.5020149836649863,0.5304347826086957,0.25218493276792775
selected_compact_calibrated,underutilization_25pct,4,117,114,0.6686651086972398,0.6410256410256411,0.2180759989926722
selected_compact_calibrated,underutilization_25pct,5,117,112,0.857997751856048,0.8376068376068376,0.11793843398793427
