file,size_bytes,sha256
README.md,3036,55a8b004a063d58fff73604e13c60d0de11796fa0a179b7cfa5bc965df2318d6
build_checks.csv,976,ecc18c51964a37050e67facf60ecf6d8b30c8a61788799f5cceb19aa58d582aa
landmark_comparison_results.csv,32663,f746694e905c81da0c3069eccc122b021d7f007d2c08f2bffa67d69318ae2063
landmark_decision_summary.csv,2799,4fa75a41edfb0b57450d5cc2eda6fe222f0a22aee8eb54295043b1ab32311223
landmark_feature_manifest.csv,15423,cba884598cdc488ce9b2bbefd2fcb8d44965620a89a4626a5ccab15e741c92b8
landmark_origin_results.csv,32493,373a739903150011e237e1433ec6a13a2cd8b36d0752e27e554caecd548dde79
landmark_predictions.csv,8022514,f5a899100648d922d44f46c6fbbe765c677052d5163c8b97493ec5ca5ea38f5e
landmark_risk_bands.csv,4683,0b4d419eac7c934dcf16bff9c132e8d231976c51967450673359b8b4b944595c
market_value_landmark_targets.csv,740235,071da8b4320a8de6857a410d8d7bfc2cdf2a3904970586d5ac75bdb1917b3268
probability_consistency_audit.csv,1361,b23c029394482042292c9a67744d4813e9b197268c3fafd8792afd8dcd7d604c
run_summary.json,924,292ffab882ec98a9c68b1f2953e6d74e9e30cba1b1be7f9410bc0970aa43f8f5
source_manifest.csv,747,7455e35b1d84b7bb5793ac4924454291eb882d0f8459678ed2108d283fac886c
utilization_landmark_targets.csv,179085,943d353493da361801aee7da8d0c9fa508eb684074c9a48d59ec78e72d5267c1
validation_tuning_results.csv,109908,ccb06e07cc85ce23a87276d3a236b43eadf405d091bba78d9e9cde3c5c3087b7
