transfer_year,clean_permanent_rows,market_value_downside_24m,paid_transfer_underutilization_24m,fee_benchmarking,dual_capital_at_risk_24m,fee_only_resale_return_4y,full_accounting_roi
1993,1,0,0,0,0,0,0
1994,1,0,0,0,0,0,0
1996,2,0,0,0,0,0,0
1997,3,0,0,0,0,0,0
1998,6,0,0,0,0,0,0
1999,13,0,0,0,0,0,0
2000,17,0,0,0,0,0,0
2001,28,0,0,0,0,0,0
2002,40,0,0,0,0,0,0
2003,63,0,0,0,0,0,0
2004,89,0,0,0,0,0,0
2005,137,0,0,0,0,0,0
2006,180,0,0,0,0,0,0
2007,263,0,0,0,0,0,0
2008,281,0,0,0,0,0,0
2009,349,0,0,0,0,0,0
2010,407,0,0,0,0,0,0
2011,549,0,0,0,0,0,0
2012,573,0,0,0,0,0,0
2013,697,0,0,0,0,0,0
2014,780,0,0,0,0,0,0
2015,886,0,0,0,0,0,0
2016,970,0,0,0,0,0,0
2017,1162,412,116,147,111,52,0
2018,1258,508,113,159,107,55,0
2019,1385,606,146,189,139,67,0
2020,1558,625,110,155,100,44,0
2021,1656,778,123,155,120,64,0
2022,1831,966,166,204,155,55,0
2023,1641,416,173,199,81,0,0
2024,1680,60,117,188,14,0,0
2025,1064,0,10,90,0,0,0
