table,natural_key,rows,key_null_rows,unique_key_count,duplicate_key_rows,status
player_injuries,player_id + season_name + injury_reason + from_date + end_date,143195,1545,141541,109,review
player_latest_market_value,player_id,69441,0,69441,0,pass
player_market_value,player_id + date_unix,901429,0,901429,0,pass
player_national_performances,player_id + team_id,92701,0,92632,69,review
player_performances,player_id + season_name + competition_id + team_id,1878719,0,1878719,0,pass
player_profiles,player_id,92671,0,92671,0,pass
player_teammates_played_with,player_id + teammate_player_id,1257342,0,1257342,0,pass
team_children,parent_team_id + child_team_id,7695,0,7695,0,pass
team_competitions_seasons,club_id + competition_id + season_id,58247,0,57876,371,review
team_details,club_id,2175,0,2175,0,pass
transfer_history,player_id + transfer_date + from_team_id + to_team_id,1101440,580,1100737,123,review
