file,bytes,sha256
README.md,2135,a3cee5a785f2cd8e599b08ce1d6c4db7a9b0d4922fe17d47f4ef9d64d41f5bae
build_checks.csv,755,b93dfd9c178b1be3bb0bd2c4cd1800fe624baf67332d593e629b7e84f2fe5e3b
candidate_comparisons.csv,3748,e405e63d60a50f89c30746b94301b70c6cb0364308b68c60e6543bdffaffdce1
candidate_feature_manifest.csv,3027,cda42a8efe9a5728022a37c770dda0129a804fbed689f4a419ebb7b3f9c89ecc
endpoint_contract.csv,1710,83beb1e1322ad89d6fa88d4a8421bc7ebe69d37c91384e22008f53fc6f2afb4a
independent_verification.csv,3994,7aa3527eec98b72cdff7e64420d85ffaca7fe09dce8effcffc048dc06d90ee30
independent_verification.json,172,3e73a0bf050337f9f9a398cfe12b6b4bbec9437416e6755fe45287507ab22472
origin_metrics.csv,11633,83b00979f18229ba109ec657dc05953342abd1b999d43b07fd1f1aaf3d836e30
out_of_time_predictions.csv,4154147,757f910e8a09051563d3c914cad466066d2bfc179d463ec11d62353664d4baef
phase2_decisions.csv,1206,3f88ad7ea270dbb8fa68abb747c8eeac090b5eb32b86234fad5072ef766bc386
prior_role_ablation_evidence.csv,776,18fc77261c30dee679819f9b44342152c3d9813792c7e02946f5937f789ede9c
run_summary.json,690,1a343ae5ab4e4096c019f0e509fc8ff9ccffe403dc1c7d819a979279a26128a3
source_manifest.csv,839,4729089e7f38c72b5ccb447cdd39155dc15de96235b2c5f587a9baa3b44fb03a
subgroup_audit.csv,21218,b7317f5c88585c00a74fb72443739774c8bf0da61092d277978a6604e7773bdf
v1_feature_policy_audit.csv,67877,a7f9968acef59975e665a26ba4a607d2e86aa6b34c2115055d0b6f3043824526
