output_file,bytes,sha256
README.md,2508,f1ccfa7cced744e191d7f0449638b154ae63d07953471903424449747eb8932b
build_checks.csv,1287,647dd89d0ed975318c440e0845933e2b8179b75c0df56d942f58159a15a4a215
canonical_extension_events.csv,2478759,07497ff75b2843fb09b304fc86fea9d56adca10838e7124bc57a3ff3abc54b0b
canonical_salary_panel.csv,14400607,6368600947a9814c3c249fc696ae14063ef989488b57852111babdc494dc02d5
capology_cleaning_actions.csv,1470,de282fad7fbbca30ae5bc67e58470ce4b54f4b7ce727d46501ec2cd38f9b4465
extension_summary.csv,1384,1e51140c4bdade7298a2efc67304be20cf45043507c6869739147b7086151da0
field_dictionary.csv,9402,207c547d03e397efe28cd4890457b67be5fb9451700c65062d9328c70b190cf1
independent_verification.csv,2177,39e2d8a464551e5b0f387ef3dac43bb54b55c642c219445cc5ede62130a2d7f1
independent_verification.json,284,13e9e917bdf15eac29ba2edeed574defa5b3c980979120467a3a1462db7bc276
run_summary.json,631,8f57a7731f850e48d9d1f5b777e503e2b2d1dae55586e266f668679a58717478
salary_summary.csv,1556,0229c96d8a6a90aafcbdabcc80ef9b41ce60a31abcd48d936409a59dbbd4a262
source_manifest.csv,26459,d9a425bf9bffb95ac247aec369112bbe11cb8314fbd4e672c877c4f0ce98c713
unresolved_club_matches.csv,77,490e4ba90eb0093d2e78b8a3a520b1f7a03ef2b0ff13f64e0fcb0e26567d28ed
unresolved_player_matches.csv,40103,e52304e643170faae9e2726637d08b132c8e692811333a76171cbea32ad10f00
