league,source_page_season,canonical_rows,linked_players,linked_clubs,annual_gross_available,bonus_available,duplicate_rows_collapsed
Bundesliga,2017-2018,598,581,598,514,0,0
Bundesliga,2018-2019,509,499,509,507,0,0
Bundesliga,2019-2020,511,502,511,508,0,0
Bundesliga,2020-2021,508,496,508,508,0,0
Bundesliga,2021-2022,508,493,508,508,8,0
Bundesliga,2022-2023,570,554,570,569,569,0
Bundesliga,2023-2024,554,542,554,551,551,0
La Liga,2017-2018,707,649,707,554,0,0
La Liga,2018-2019,476,454,476,474,0,0
La Liga,2019-2020,487,459,487,487,0,0
La Liga,2020-2021,500,476,500,500,0,0
La Liga,2021-2022,511,489,511,511,8,0
La Liga,2022-2023,539,520,539,535,535,0
La Liga,2023-2024,553,532,553,548,548,0
Ligue 1,2017-2018,682,664,682,541,0,0
Ligue 1,2018-2019,539,523,539,536,0,0
Ligue 1,2019-2020,534,518,534,534,0,0
Ligue 1,2020-2021,544,529,544,544,0,0
Ligue 1,2021-2022,552,543,552,552,5,0
Ligue 1,2022-2023,625,609,625,620,620,0
Ligue 1,2023-2024,542,527,542,537,537,0
Premier League,2017-2018,735,711,735,597,0,0
Premier League,2018-2019,497,480,497,497,0,0
Premier League,2019-2020,513,498,513,513,0,0
Premier League,2020-2021,513,498,513,513,0,0
Premier League,2021-2022,506,491,506,506,6,0
Premier League,2022-2023,589,574,589,587,587,0
Premier League,2023-2024,606,585,606,587,587,0
Serie A,2017-2018,826,791,826,676,0,0
Serie A,2018-2019,522,511,522,522,0,0
Serie A,2019-2020,518,501,518,517,0,0
Serie A,2020-2021,555,540,555,554,0,0
Serie A,2021-2022,560,548,560,511,7,0
Serie A,2022-2023,632,616,632,628,628,0
Serie A,2023-2024,649,629,649,639,639,0
