endpoint,horizon,risk_band,records,mean_prediction,observed_event_rate,mean_brier,observed_monotone
any_outbound,12m,1,312,0.09936296271673066,0.10256410256410256,0.09136706955367863,True
any_outbound,12m,2,312,0.1638791732379597,0.15064102564102563,0.12770687915902212,True
any_outbound,12m,3,312,0.21662802123088704,0.20192307692307693,0.16142220277450425,True
any_outbound,12m,4,312,0.2892282364703565,0.2532051282051282,0.19104127589843165,True
any_outbound,12m,5,312,0.5245284250685907,0.5064102564102564,0.2208539587476862,True
any_outbound,24m,1,312,0.2562961656844412,0.28205128205128205,0.2065872209587087,True
any_outbound,24m,2,312,0.3893991472684275,0.34935897435897434,0.22863527318844212,True
any_outbound,24m,3,312,0.48250967073637024,0.5256410256410257,0.2525670523010679,True
any_outbound,24m,4,312,0.5960444502451586,0.5993589743589743,0.24124346595438595,True
any_outbound,24m,5,312,0.8268771398016244,0.7692307692307693,0.16657905503286446,True
any_outbound,36m,1,236,0.3832227391556287,0.5169491525423728,0.2778721284888884,True
any_outbound,36m,2,235,0.5591538495577937,0.548936170212766,0.24864552356567163,True
any_outbound,36m,3,235,0.67358833018623,0.7319148936170212,0.20021970161899785,True
any_outbound,36m,4,235,0.7953569348986813,0.7659574468085106,0.1808718850244419,True
any_outbound,36m,5,235,0.9537425259522723,0.8808510638297873,0.105126245370456,True
permanent_outbound,12m,1,312,0.045299393121873394,0.05448717948717949,0.05134151380141235,False
permanent_outbound,12m,2,312,0.0748865791838657,0.08653846153846154,0.0790902759889392,False
permanent_outbound,12m,3,312,0.10653732299141302,0.13782051282051283,0.11948963606120162,False
permanent_outbound,12m,4,312,0.14725174482349068,0.10576923076923077,0.09583630578287468,False
permanent_outbound,12m,5,312,0.24412379088667274,0.24358974358974358,0.17175127417756725,False
permanent_outbound,24m,1,312,0.13801926462631856,0.15705128205128205,0.1323363294692274,True
permanent_outbound,24m,2,312,0.2172730237183469,0.25961538461538464,0.19138023416186353,True
permanent_outbound,24m,3,312,0.2936732309743431,0.30448717948717946,0.21112604564112689,True
permanent_outbound,24m,4,312,0.3846816270093809,0.4583333333333333,0.2500647013293382,True
permanent_outbound,24m,5,312,0.5579001438909101,0.5641025641025641,0.23535129850290568,True
permanent_outbound,36m,1,236,0.2550880361475965,0.3389830508474576,0.23251091223789555,True
permanent_outbound,36m,2,235,0.3753449759612395,0.425531914893617,0.24655320170881423,True
permanent_outbound,36m,3,235,0.48747309112462295,0.6297872340425532,0.2562693075197129,True
permanent_outbound,36m,4,235,0.6187260575999523,0.6297872340425532,0.23652545022411814,True
permanent_outbound,36m,5,235,0.8056051399150145,0.7872340425531915,0.1680875270978492,True
