endpoint,origin_id,candidate,rows,brier,log_loss,roc_auc,average_precision,adaptive_ece,actual_rate,predicted_rate,calibration_gap,calibration_intercept,calibration_slope
downside_25pct_12m,origin_2020,B0_chronology_prevalence,344,0.23332278647893265,0.6620979366782402,0.5,0.34593023255813954,0.09025470653377626,0.34593023255813954,0.2619047619047619,0.08402547065337762,-0.3071650510271729,0.3182512292209642
downside_25pct_12m,origin_2020,B1_market_profile,344,0.17317006816114988,0.5172378953966731,0.8142110177404296,0.654378607529142,0.09221298379360725,0.34593023255813954,0.29203971458409445,0.053890517974045093,0.6337262431540109,1.4473223825706614
downside_25pct_12m,origin_2020,B2_core_recent_involvement,344,0.16795729850710234,0.5053005867253327,0.8239775910364147,0.6845336031336291,0.08271549865316791,0.34593023255813954,0.2954333197167755,0.05049691284136404,0.6283208867388891,1.4609451377730063
downside_25pct_12m,origin_2021,B0_chronology_prevalence,370,0.2078327904963925,0.6062722906245788,0.5,0.2945945945945946,0.05179409238088943,0.2945945945945946,0.29951100244498774,0.004916407850393156,-0.5071608418057072,0.4308977908310502
downside_25pct_12m,origin_2021,B1_market_profile,370,0.17633696368211238,0.5330380402880912,0.756792857393933,0.5125671775098288,0.06739831633257118,0.2945945945945946,0.32327398251425693,0.028679387919662347,-0.29530342299793755,0.7518449425398347
downside_25pct_12m,origin_2021,B2_core_recent_involvement,370,0.17333849400214268,0.5255517748938013,0.7659320187001301,0.5269955490067777,0.05904422695602976,0.2945945945945946,0.33575819490499587,0.04116360031040128,-0.3063333334516177,0.8562526924881431
downside_25pct_12m,origin_2022,B0_chronology_prevalence,340,0.20881488287628408,0.6083516238771136,0.5,0.29705882352941176,0.05645796516031304,0.29705882352941176,0.29699570815450643,6.311537490533148e-05,-0.49439070835324955,0.4259894235136911
downside_25pct_12m,origin_2022,B1_market_profile,340,0.18661597347679063,0.557411541772511,0.7318447325904138,0.47269793530595905,0.07781460260998813,0.29705882352941176,0.32533577977546047,0.0282769562460487,-0.3203270543649918,0.7050006053975457
downside_25pct_12m,origin_2022,B2_core_recent_involvement,340,0.1795722177166914,0.5409500557735466,0.7545465843655494,0.5009724648327426,0.08247232534909217,0.29705882352941176,0.33381746670605233,0.03675864317664057,-0.27825962017818223,0.8535340817395493
downside_25pct_12m,origin_2023,B0_chronology_prevalence,364,0.22149217075694597,0.6351145090655995,0.5,0.32967032967032966,0.07142857142857142,0.32967032967032966,0.3072122052704577,0.022458124399871937,-0.4272442350336955,0.34742859853269165
downside_25pct_12m,origin_2023,B1_market_profile,364,0.19423706196165794,0.571330699697776,0.7180669398907104,0.5473089108256921,0.06209211981534718,0.32967032967032966,0.3455068750168646,0.015836545346534947,-0.1642146841807395,0.8358144034896889
downside_25pct_12m,origin_2023,B2_core_recent_involvement,364,0.19620947367189143,0.5796368836739122,0.7137636612021858,0.5360269592105167,0.045014080571553004,0.32967032967032966,0.3407206567994404,0.011050327129110749,-0.21226730710675135,0.7040707313534307
downside_25pct_24m,origin_2020,B0_chronology_prevalence,363,0.24774406487024914,0.6886296762085855,0.5,0.45179063360881544,0.08160379226274317,0.45179063360881544,0.44353182751540043,0.008258806093415005,-0.18395232017931726,0.0417278198791293
downside_25pct_24m,origin_2020,B1_market_profile,363,0.162061069701872,0.5015290831232156,0.8380775830371369,0.7864461661993712,0.050859791341849855,0.45179063360881544,0.46375620863752565,0.011965575028710207,-0.06395160993384852,1.0947190083722247
downside_25pct_24m,origin_2020,B2_core_recent_involvement,363,0.15698444676423848,0.49110157491167833,0.8470400784409853,0.7994466059736011,0.044191007053649436,0.45179063360881544,0.46377003701442193,0.011979403405606492,-0.06443882837469073,1.097307686074972
downside_25pct_24m,origin_2021,B0_chronology_prevalence,334,0.24748380959847435,0.6881070402926287,0.5,0.4491017964071856,0.06911539240359861,0.4491017964071856,0.4577294685990338,0.008627672191848179,-0.19857387335356977,0.03365562666448415
downside_25pct_24m,origin_2021,B1_market_profile,334,0.18509002083966963,0.5705598728933733,0.7863043478260869,0.7322360758969928,0.09268272211804177,0.4491017964071856,0.46480615704946665,0.015704360642281034,-0.10090155599757752,0.7889395805502051
downside_25pct_24m,origin_2021,B2_core_recent_involvement,334,0.17933353036885766,0.5613772892948389,0.7981159420289856,0.7445470219583467,0.09243787024210612,0.4491017964071856,0.4731509956548755,0.02404919924768989,-0.1449604756345136,0.7879941960134831
downside_25pct_24m,origin_2022,B0_chronology_prevalence,334,0.25024173729339255,0.6936386726642637,0.5,0.47904191616766467,0.07544804849404094,0.47904191616766467,0.4529463500439753,0.02609556612368935,-0.08099275386149453,0.015289260504512249
downside_25pct_24m,origin_2022,B1_market_profile,334,0.16575758123152415,0.5091547875666627,0.8373922413793102,0.801683659774233,0.10623653575865868,0.47904191616766467,0.47614234408524597,0.0028995720824187,0.021795727594041935,1.2289904122829385
downside_25pct_24m,origin_2022,B2_core_recent_involvement,334,0.16001379932978085,0.49694627954556975,0.8452227011494253,0.8149400758507399,0.1076899176588335,0.47904191616766467,0.48415627682274526,0.005114360655080585,-0.03349630575540116,1.1607331746036964
downside_25pct_24m,origin_2023,B0_chronology_prevalence,323,0.25270003077870107,0.6985559911270888,0.5,0.5263157894736842,0.08564227907229373,0.5263157894736842,0.46807017543859647,0.05824561403508771,0.10366041096038252,-0.01325747599349104
downside_25pct_24m,origin_2023,B1_market_profile,323,0.1832802749990537,0.5542344399248441,0.8031526336024605,0.8087407821784525,0.0823940445163125,0.5263157894736842,0.5121488044076394,0.014166985066044746,0.08989185290785696,0.8794626973532031
downside_25pct_24m,origin_2023,B2_core_recent_involvement,323,0.18407008015912954,0.5585683523732484,0.7989234909650134,0.7924060115016718,0.07250920388590541,0.5263157894736842,0.5169054041280581,0.009410385345626104,0.06916859035054877,0.8248256426128142
