file,sha256,bytes
README.md,221e0a8ff8c2acc42c15e0582b3bc632a9472b60b90f9aff61203520120c0138,1242
build_checks.csv,801b5a07afe889289abe91a2383e2a8c0060bde2db4cc7121edd8d8b54ed43fe,724
calibration_method_metrics.csv,c77ad5b3804151819b86af81ccf47b3422c02d49adf1a4883f3924c2adc4f663,1758
calibration_predictions.csv,74fc7c6ff469ee3c496481f2623477c91273fbf3f67472207b74ddf80b5bfe2f,2273393
calibration_selection.csv,11e02697bca1a707dad902e433267d70820d24cb3123b65a4a29d389e8cdc067,401
candidate_comparisons.csv,3fdce1ae5ec26e587aa1eb6b56bfca4275316e1ce2e994e3713ddaae2c74cc2c,704
candidate_metrics.csv,c948bb27488f89e48caa7330aa452695899d88c59f795442058d460679ed0e04,6167
candidate_predictions.csv,97317c4ffc158558517b776a47522de05414df3839cde4a854b567db65ceafee,1681527
coefficient_stability.csv,3a80b48c4fef7e448f7c7cd519b89cd92502fa6de6d527151515f62017c8383b,10223
cohort_by_origin.csv,90507ee64044f819de985c46751babdc709bed5e6be50602627c00c61138ff2f,688
deployment_unchanged_manifest.csv,00a31b76cfbcfe321d8454b7d70ba1b4aeae8819a2486cbece22981cfe5a039c,5646
feature_redundancy.csv,1963e69aabde0d8593f59fc38fc7f28e681fe22ed2a50d5b20ed3938f52723b4,430
independent_verification.csv,6b1081e8a51145efcf344649b95bccfdc39f46e5c9e1508d57241256672b54ea,5110
independent_verification.json,48bf8e1349cfc245762d2970b44eaaeb0a3990373aabbe5963f6ecaf7fe275f7,100
known_exposure_audit.csv,12ee7bc026d2365240e8490a39a78dde94d048097152d4f293877a892c72eb44,626
preregistration.json,cc41ebd13c72315fbefcf1c5094ba6067c01d02b101d20977b0a123c2ea8b489,3658
run_summary.json,5c98556c6f469b532284777140d4bd77bd21de92fa12de656f2ef1b92e8eba52,3171
selected_predictions.csv,86bce33ab3e32f1f9f21fea127c6b093ccf4b18c504e452f86791a0f1c498dbc,929231
selection_decision.csv,04b26b1edd39301ef040d7d3cbe112b9e61bb209f5d57dfafb675484fdc34afd,1653
source_manifest.csv,5256a1cb4532fe4dbe6076b5a5ab6aad5929db74d776f46006c3ad042af1c78b,1167
subgroup_reliability.csv,64ac46af2bc085bcd226f8e5146ed612ed3a97e72d6f35ab704bb0593cdecfca,9129
temporal_drift.csv,d95d1f94b7977f10a97a649b9bab511afb803f4535ac1dcb5fc55fe46214f91c,4756
