endpoint,candidate,path,status_label,sha256
year2_opportunity_share,R1_remove_scoring,Data/processed/role_contextualization_diagnostic/candidate_artifacts/year2_opportunity_share__R1_remove_scoring.joblib,not_deployed_pending_review,624ae911d497b79260e76e76b02460a3170582d1078604caa11b06b5b3000b32
year2_opportunity_share,R2_position_relative,Data/processed/role_contextualization_diagnostic/candidate_artifacts/year2_opportunity_share__R2_position_relative.joblib,not_deployed_pending_review,0f15543d9661acad61731d3bbe1aefc4198523b100bdf7f501e583fb19e37c5d
year2_opportunity_share,R3_position_interactions,Data/processed/role_contextualization_diagnostic/candidate_artifacts/year2_opportunity_share__R3_position_interactions.joblib,not_deployed_pending_review,f3294e4d6b09b4900a5e91086d0c7e7dfda341fcc96bef97b14ad4783dd89035
year2_opportunity_share,R4_compact_role_aware,Data/processed/role_contextualization_diagnostic/candidate_artifacts/year2_opportunity_share__R4_compact_role_aware.joblib,not_deployed_pending_review,5c383a60afa834e38a3ecc9b4721c9046c77bf837995de17f5a600a018b4dd8a
any_outbound,R1_remove_scoring,Data/processed/role_contextualization_diagnostic/candidate_artifacts/any_outbound__R1_remove_scoring.joblib,not_deployed_pending_review,8cbf84140311ed41f9b9da1295630a67d68722ee92d53ec9415456a5f5e5f201
any_outbound,R2_position_relative,Data/processed/role_contextualization_diagnostic/candidate_artifacts/any_outbound__R2_position_relative.joblib,not_deployed_pending_review,78301b49a103081a8187ddbc04a7e58d078fdd799b59a105141e8f10b6543c57
any_outbound,R3_position_interactions,Data/processed/role_contextualization_diagnostic/candidate_artifacts/any_outbound__R3_position_interactions.joblib,not_deployed_pending_review,e8544e988cd1ecaa57fd6832983e518a1556b54b3fccdaff0cd6fc1333959444
any_outbound,R4_compact_role_aware,Data/processed/role_contextualization_diagnostic/candidate_artifacts/any_outbound__R4_compact_role_aware.joblib,not_deployed_pending_review,e2889cb939c58f2c8007a183c1c72f3f7e3e3376ddb8a39f78ff2d343e98b0ea
permanent_outbound,R1_remove_scoring,Data/processed/role_contextualization_diagnostic/candidate_artifacts/permanent_outbound__R1_remove_scoring.joblib,not_deployed_pending_review,cbcb1fd01342aebe7aa59f9dfc7a37d33113f3350a0259390fab279ee2501eec
permanent_outbound,R2_position_relative,Data/processed/role_contextualization_diagnostic/candidate_artifacts/permanent_outbound__R2_position_relative.joblib,not_deployed_pending_review,1b3f72bd9783f87b2e51e66fbdf9b0d531f93d0e5a1ef2a3d9bc3cf4d89a0eac
permanent_outbound,R3_position_interactions,Data/processed/role_contextualization_diagnostic/candidate_artifacts/permanent_outbound__R3_position_interactions.joblib,not_deployed_pending_review,de18858efca3d92f1d2f0047a4ff73c248e6009ab13f57d17dfa61f0eebc823c
permanent_outbound,R4_compact_role_aware,Data/processed/role_contextualization_diagnostic/candidate_artifacts/permanent_outbound__R4_compact_role_aware.joblib,not_deployed_pending_review,23895504c013375326044b86c705c480c3ebe11bd4040692e55633a4445766c8
value_log_ratio_12m,R1_remove_scoring,Data/processed/role_contextualization_diagnostic/candidate_artifacts/value_log_ratio_12m__R1_remove_scoring.joblib,not_deployed_pending_review,b4ba26984736a94f27dcce678183f18fa77b902e147160f169bce768ce4fd927
value_log_ratio_12m,R2_position_relative,Data/processed/role_contextualization_diagnostic/candidate_artifacts/value_log_ratio_12m__R2_position_relative.joblib,not_deployed_pending_review,ecade9e2fd34cd3f4dad6f74eb94111a3deb1de85f0098ff7770dfbf0194bdff
value_log_ratio_12m,R3_position_interactions,Data/processed/role_contextualization_diagnostic/candidate_artifacts/value_log_ratio_12m__R3_position_interactions.joblib,not_deployed_pending_review,6d597b8496d582cc284d47b7934c79575cdc03f2a55d21d1ed2db2a6c74c2099
value_log_ratio_12m,R4_compact_role_aware,Data/processed/role_contextualization_diagnostic/candidate_artifacts/value_log_ratio_12m__R4_compact_role_aware.joblib,not_deployed_pending_review,34946d8a58fec996da15d4e52afcbe840ea82c023b4439607504022574ef366c
value_log_ratio_24m,R1_remove_scoring,Data/processed/role_contextualization_diagnostic/candidate_artifacts/value_log_ratio_24m__R1_remove_scoring.joblib,not_deployed_pending_review,a23bbcf89feb014f246a060f043a6062421ea4990153b01f513f4e990b313199
value_log_ratio_24m,R2_position_relative,Data/processed/role_contextualization_diagnostic/candidate_artifacts/value_log_ratio_24m__R2_position_relative.joblib,not_deployed_pending_review,01b1c07db9f322b90c40c9001aa4cb5daa79e2b20c4e83a546e4997f6f233a4c
value_log_ratio_24m,R3_position_interactions,Data/processed/role_contextualization_diagnostic/candidate_artifacts/value_log_ratio_24m__R3_position_interactions.joblib,not_deployed_pending_review,0fa44a61f232daa2b0386c2b6dfc357b5876b40d7b6edb49aa5c7ee4e351fb67
value_log_ratio_24m,R4_compact_role_aware,Data/processed/role_contextualization_diagnostic/candidate_artifacts/value_log_ratio_24m__R4_compact_role_aware.joblib,not_deployed_pending_review,699b0bff06a4b68ddaf9fe621d1efd6a0a428d98aa9339b1217762d5e5f5c4ff
downside_10pct_12m,R1_remove_scoring,Data/processed/role_contextualization_diagnostic/candidate_artifacts/downside_10pct_12m__R1_remove_scoring.joblib,not_deployed_pending_review,ba8194aed49c698c5cecc0b53a7993dc7125e50d9c35b19f46ca61e2f5fd27c5
downside_10pct_12m,R2_position_relative,Data/processed/role_contextualization_diagnostic/candidate_artifacts/downside_10pct_12m__R2_position_relative.joblib,not_deployed_pending_review,e76c764cd179ce178551baaae756282a40ce3c6303c12135d263fff438f08f2d
downside_10pct_12m,R3_position_interactions,Data/processed/role_contextualization_diagnostic/candidate_artifacts/downside_10pct_12m__R3_position_interactions.joblib,not_deployed_pending_review,c9f866ceb37b22252fff624acb9cdf555ea54b83e577b65cfeb4bd248098f3de
downside_10pct_12m,R4_compact_role_aware,Data/processed/role_contextualization_diagnostic/candidate_artifacts/downside_10pct_12m__R4_compact_role_aware.joblib,not_deployed_pending_review,580754a3a5b45e3e4f9990f55717edd44bf0355699337e69acb6de343feb0524
downside_10pct_24m,R1_remove_scoring,Data/processed/role_contextualization_diagnostic/candidate_artifacts/downside_10pct_24m__R1_remove_scoring.joblib,not_deployed_pending_review,00d132865b8cb2ff4334a2f40da0a86b7c5682db8eab892396c5623cc2a12f58
downside_10pct_24m,R2_position_relative,Data/processed/role_contextualization_diagnostic/candidate_artifacts/downside_10pct_24m__R2_position_relative.joblib,not_deployed_pending_review,1e33d6daeab86a48338d26c5e4d9b52806f5a8156faa97de5c067f0506de06f0
downside_10pct_24m,R3_position_interactions,Data/processed/role_contextualization_diagnostic/candidate_artifacts/downside_10pct_24m__R3_position_interactions.joblib,not_deployed_pending_review,32449fff1e8ce5edf9dcd0c5171b740850994418d67bda6b28429922f3d46325
downside_10pct_24m,R4_compact_role_aware,Data/processed/role_contextualization_diagnostic/candidate_artifacts/downside_10pct_24m__R4_compact_role_aware.joblib,not_deployed_pending_review,32303e23b248cf72b07c3d1f46bb5e41d27fa4b9b31080afd49ab21f36e6858b
downside_25pct_12m,R1_remove_scoring,Data/processed/role_contextualization_diagnostic/candidate_artifacts/downside_25pct_12m__R1_remove_scoring.joblib,not_deployed_pending_review,063875dab2ad3f7176dde9b2efde9a4ed3e3b1ff71dd99518b0d9bc841cff489
downside_25pct_12m,R2_position_relative,Data/processed/role_contextualization_diagnostic/candidate_artifacts/downside_25pct_12m__R2_position_relative.joblib,not_deployed_pending_review,7642d139ff59f45816bd85d28020cc898e5a49976cd7593a62dd7e43288d47a2
downside_25pct_12m,R3_position_interactions,Data/processed/role_contextualization_diagnostic/candidate_artifacts/downside_25pct_12m__R3_position_interactions.joblib,not_deployed_pending_review,b3d502cfd7cb60b3ad3e69ef72ab828c297a5fee1e3460fe08d3a81566583960
downside_25pct_12m,R4_compact_role_aware,Data/processed/role_contextualization_diagnostic/candidate_artifacts/downside_25pct_12m__R4_compact_role_aware.joblib,not_deployed_pending_review,2794d1f8a2a12f66b49b768c5a4749d086314d47de47749345bc81b7418ffb82
downside_25pct_24m,R1_remove_scoring,Data/processed/role_contextualization_diagnostic/candidate_artifacts/downside_25pct_24m__R1_remove_scoring.joblib,not_deployed_pending_review,a333400bb83d8e91dfceabdf935f94e476a193d59ce1f6c58a810d82a78ef20f
downside_25pct_24m,R2_position_relative,Data/processed/role_contextualization_diagnostic/candidate_artifacts/downside_25pct_24m__R2_position_relative.joblib,not_deployed_pending_review,205c68663d80a9964a7d1149860887601705c2323d62bc872e9feb13dca22076
downside_25pct_24m,R3_position_interactions,Data/processed/role_contextualization_diagnostic/candidate_artifacts/downside_25pct_24m__R3_position_interactions.joblib,not_deployed_pending_review,646383d64a7c2454279e7b4e5bda9f24c837103d19da5b48c2d00c9029d90685
downside_25pct_24m,R4_compact_role_aware,Data/processed/role_contextualization_diagnostic/candidate_artifacts/downside_25pct_24m__R4_compact_role_aware.joblib,not_deployed_pending_review,837696dd0f0dd506cdd18e50987345ebf77e412728b61bd06c62cfb6d78062ad
downside_50pct_24m,R1_remove_scoring,Data/processed/role_contextualization_diagnostic/candidate_artifacts/downside_50pct_24m__R1_remove_scoring.joblib,not_deployed_pending_review,a48918b75f9c0e9d2814907df5e6adb6ad95a7629a40da88321448921e3d4f99
downside_50pct_24m,R2_position_relative,Data/processed/role_contextualization_diagnostic/candidate_artifacts/downside_50pct_24m__R2_position_relative.joblib,not_deployed_pending_review,a6b2eab2bec2d017b4d7807360ed29d84bdf910546a2d187b542880d4dd430cf
downside_50pct_24m,R3_position_interactions,Data/processed/role_contextualization_diagnostic/candidate_artifacts/downside_50pct_24m__R3_position_interactions.joblib,not_deployed_pending_review,68bce83bb5d68234f54c06ebe92fa07511d2e523da87fb4257888b74d1d02ac1
downside_50pct_24m,R4_compact_role_aware,Data/processed/role_contextualization_diagnostic/candidate_artifacts/downside_50pct_24m__R4_compact_role_aware.joblib,not_deployed_pending_review,36d1dc473e1a239210f53b921e7a639a47c88a5be81999c2f8855d5a4d6e7563
contract_duration,R1_remove_scoring,Data/processed/role_contextualization_diagnostic/candidate_artifacts/contract_duration__R1_remove_scoring.joblib,not_deployed_pending_review,8d6dff7fc6381fe7b9561612e05d9e8f2d77fd70da2067930855d81600bd0614
contract_duration,R2_position_relative,Data/processed/role_contextualization_diagnostic/candidate_artifacts/contract_duration__R2_position_relative.joblib,not_deployed_pending_review,7ac16c391085b1a9e6b95cd23d15e0bd59fd3a0bb5ed5cea6b5e2f0accb580fa
contract_duration,R3_position_interactions,Data/processed/role_contextualization_diagnostic/candidate_artifacts/contract_duration__R3_position_interactions.joblib,not_deployed_pending_review,0243497310681b9ccf7b53beecb0a4cf9f834d52625be0d563c40b5ff1ab2873
contract_duration,R4_compact_role_aware,Data/processed/role_contextualization_diagnostic/candidate_artifacts/contract_duration__R4_compact_role_aware.joblib,not_deployed_pending_review,2a1b2f09c50948c1b508c9b154f5b44c9762fd3e730eb84258f7102208a59385
