endpoint,origin_id,train_through_year,n_rows,pre365_goals_per90_coefficient,sign
year2_opportunity_share,origin_2020,2019,375,-0.019767987328623615,negative
year2_opportunity_share,origin_2021,2020,600,-0.023034772671732456,negative
year2_opportunity_share,origin_2022,2021,836,-0.018666758371182937,negative
year2_opportunity_share,origin_2023,2022,1059,-0.019842310416415324,negative
any_outbound,origin_2020,2019,619,0.01706584145140247,positive
any_outbound,origin_2021,2020,1040,0.025923418368328725,positive
any_outbound,origin_2022,2021,1424,0.055537027140025896,positive
any_outbound,origin_2023,2022,1795,0.0479844554819333,positive
permanent_outbound,origin_2020,2019,619,0.05002548190358329,positive
permanent_outbound,origin_2021,2020,1040,0.05632370159579129,positive
permanent_outbound,origin_2022,2021,1424,0.07315903872041805,positive
permanent_outbound,origin_2023,2022,1795,0.058660467712202506,positive
value_log_ratio_12m,origin_2020,2019,555,0.06505830261906506,positive
value_log_ratio_12m,origin_2021,2020,906,0.01733395853267749,positive
value_log_ratio_12m,origin_2022,2021,1277,-0.0025943937626125776,negative
value_log_ratio_12m,origin_2023,2022,1620,-0.01294193746778654,negative
value_log_ratio_24m,origin_2020,2019,536,0.058579084246698845,positive
value_log_ratio_24m,origin_2021,2020,905,0.0070903516895789685,positive
value_log_ratio_24m,origin_2022,2021,1240,-0.0018518217967957613,negative
value_log_ratio_24m,origin_2023,2022,1577,-0.0206203328555788,negative
downside_10pct_12m,origin_2020,2019,555,-0.11421047197456537,negative
downside_10pct_12m,origin_2021,2020,906,-0.07175468834209767,negative
downside_10pct_12m,origin_2022,2021,1277,-0.06062477547159422,negative
downside_10pct_12m,origin_2023,2022,1620,-0.06310071418784592,negative
downside_10pct_24m,origin_2020,2019,536,-0.059648945064671416,negative
downside_10pct_24m,origin_2021,2020,905,-0.03306038019069795,negative
downside_10pct_24m,origin_2022,2021,1240,0.0002739419136944081,positive
downside_10pct_24m,origin_2023,2022,1577,-0.01484257215735587,negative
downside_25pct_12m,origin_2020,2019,555,-0.036734851092556906,negative
downside_25pct_12m,origin_2021,2020,906,-0.00740602215728145,negative
downside_25pct_12m,origin_2022,2021,1277,-0.03941042170032446,negative
downside_25pct_12m,origin_2023,2022,1620,-0.02993392142657829,negative
downside_25pct_24m,origin_2020,2019,536,-0.06994021307418705,negative
downside_25pct_24m,origin_2021,2020,905,-0.03427860524038988,negative
downside_25pct_24m,origin_2022,2021,1240,-0.005700850399656818,negative
downside_25pct_24m,origin_2023,2022,1577,-0.01910576504232619,negative
downside_50pct_24m,origin_2020,2019,536,-0.050393247416384596,negative
downside_50pct_24m,origin_2021,2020,905,-0.05637988519618595,negative
downside_50pct_24m,origin_2022,2021,1240,-0.0792911703830978,negative
downside_50pct_24m,origin_2023,2022,1577,-0.08814750628796077,negative
