endpoint,origin_id,selected_role_method
year2_opportunity_share,origin_2020,percentile
year2_opportunity_share,origin_2021,percentile
year2_opportunity_share,origin_2022,percentile
year2_opportunity_share,origin_2023,percentile
any_outbound,origin_2020,percentile
any_outbound,origin_2021,percentile
any_outbound,origin_2022,zscore
any_outbound,origin_2023,zscore
permanent_outbound,origin_2020,percentile
permanent_outbound,origin_2021,percentile
permanent_outbound,origin_2022,zscore
permanent_outbound,origin_2023,percentile
value_log_ratio_12m,origin_2020,percentile
value_log_ratio_12m,origin_2021,percentile
value_log_ratio_12m,origin_2022,zscore
value_log_ratio_12m,origin_2023,percentile
value_log_ratio_24m,origin_2020,zscore
value_log_ratio_24m,origin_2021,percentile
value_log_ratio_24m,origin_2022,zscore
value_log_ratio_24m,origin_2023,percentile
downside_10pct_12m,origin_2020,percentile
downside_10pct_12m,origin_2021,percentile
downside_10pct_12m,origin_2022,zscore
downside_10pct_12m,origin_2023,zscore
downside_10pct_24m,origin_2020,percentile
downside_10pct_24m,origin_2021,percentile
downside_10pct_24m,origin_2022,zscore
downside_10pct_24m,origin_2023,percentile
downside_25pct_12m,origin_2020,percentile
downside_25pct_12m,origin_2021,percentile
downside_25pct_12m,origin_2022,percentile
downside_25pct_12m,origin_2023,percentile
downside_25pct_24m,origin_2020,zscore
downside_25pct_24m,origin_2021,percentile
downside_25pct_24m,origin_2022,zscore
downside_25pct_24m,origin_2023,percentile
downside_50pct_24m,origin_2020,percentile
downside_50pct_24m,origin_2021,percentile
downside_50pct_24m,origin_2022,zscore
downside_50pct_24m,origin_2023,percentile
contract_duration,origin_2020,percentile
contract_duration,origin_2021,percentile
contract_duration,origin_2022,percentile
contract_duration,origin_2023,zscore
