artifact,relative_path,format,rows,bytes,sha256
competition_coverage,Data/processed/statsbomb_case_studies/competition_coverage.csv,csv,80,5320,633dbbb3600088a24ef70cb46a090af0b3d467a39476c16087aeb944951838da
data_quality_issues,Data/processed/statsbomb_case_studies/data_quality_issues.csv,csv,4,709,dfeca55001579dd8adf769b37ae01656ad552eb7a2e878e141c90c5936aaa733
event_type_counts,Data/processed/statsbomb_case_studies/event_type_counts.csv,csv,35,632,e23195581bd8661fd9b108b467d7fa0c8114b19a547390882d25def18bbaf15e
events_case_study,Data/processed/statsbomb_case_studies/events_case_study.csv.gz,csv.gz,2298900,127926358,288288167b153251e9d931682ad6eb7dd8e3b02700bd5e8c9f6691398f1ec060
extraction_checks,Data/processed/statsbomb_case_studies/extraction_checks.csv,csv,10,576,b680172e213cc9293c6886b1a19e2c8892b343d514e8926bafb938c41cdfeb2c
extraction_summary,Data/processed/statsbomb_case_studies/extraction_summary.json,json,1,684,ed1cc789c88c05d1956e84b68b521cd4bb2ffcbd8797dfb75466def3278d5669
field_dictionary,Data/processed/statsbomb_case_studies/field_dictionary.csv,csv,440,70010,617458f27b4915c9abc9b666bc69feb537585bb5c1147349270d77f1632f2e61
lineups_case_study,Data/processed/statsbomb_case_studies/lineups_case_study.csv,csv,27702,3948907,af7bc1aaf7f9c83f0b95a4fa1799ea67f12a8e6c8ac7b047598af3f7b5ba6ce4
match_catalog,Data/processed/statsbomb_case_studies/match_catalog.csv,csv,3961,923364,271da8fbd3db409528dee7b7017c1c1d956b79ce6f15b192bf51219dac4c3e58
player_match_features,Data/processed/statsbomb_case_studies/player_match_features.csv,csv,27702,18806776,94150d218dd29d3db5a6e209b162a329e634fdce12d8e692a18493a71a07c983
player_period_features,Data/processed/statsbomb_case_studies/player_period_features.csv,csv,6192,4369098,0aaec02a7fc92f27cc6afaad8a22313a0b399889f54108025e66643d4a5a9573
statsbomb_club_crosswalk_candidates,Data/processed/statsbomb_case_studies/statsbomb_club_crosswalk_candidates.csv,csv,165,16134,5a2195b3c744471dd93d4fd5677e4790a0dc461c1c37789a482fdfaab8b6ecb7
statsbomb_player_crosswalk_candidates,Data/processed/statsbomb_case_studies/statsbomb_player_crosswalk_candidates.csv,csv,4757,740376,dc550750fd7febdac546c4ac67a4a34cb5d2341de8e4bbc1494d9242b74647d1
team_match_features,Data/processed/statsbomb_case_studies/team_match_features.csv,csv,1284,898001,b98c5dc7cdcebc64581158f2628aaacd7eb0e0964e1a1d5a154a28656fdacf3b
team_period_features,Data/processed/statsbomb_case_studies/team_period_features.csv,csv,309,183718,beaf89a3fbc75b1d6d739823b7902b03f4555b82fdc3b8ca177895068b008ded
three_sixty_event_context,Data/processed/statsbomb_case_studies/three_sixty_event_context.csv.gz,csv.gz,963072,45883516,ecc928fc191289ce5dd2b8a33d858a1a25c89e6b0c92245d44e5c7c0fa5be604
transfer_case_study_candidates,Data/processed/statsbomb_case_studies/transfer_case_study_candidates.csv,csv,612,158943,ccf6d78dac7ab39653f5b29c9c3dc059e70baa04b031ad9d0b091fc4a2e76de7
