table,source_file,clean_file,grain,source_rows,clean_rows,source_columns,clean_columns,added_columns,natural_key,missing_key_rows,duplicate_key_rows,mojibake_flagged_rows,invalid_numeric_values,invalid_date_values,output_sha256,disposition
player_injuries,football-datasets-main/datalake/transfermarkt/player_injuries/player_injuries.csv,Data/processed/football_datalake_clean/tables/player_injuries_clean.csv,One reported player injury spell.,143195,143195,7,20,source_file | source_row_number | source_record_id | season_start_year | season_end_year | injury_reason_normalized | injury_calendar_days_inclusive | days_missed_matches_dates | injury_end_before_start | injury_end_after_audit_date | natural_key_missing | natural_key_duplicate | has_mojibake_marker,player_id + season_name + injury_reason + from_date + end_date,1545,213,0,0,0,7698233b124234541a083e43fb94bbff90eb1db7dbf011d382bf473c2a7822f3,keep_separate_fact
player_latest_market_value,football-datasets-main/datalake/transfermarkt/player_latest_market_value/player_latest_market_value.csv,Data/processed/football_datalake_clean/tables/player_latest_market_value_clean.csv,One latest valuation snapshot per player.,69441,69441,3,13,source_file | source_row_number | source_record_id | is_derived_latest_snapshot | snapshot_leakage_risk | valuation_status | has_positive_valuation | natural_key_missing | natural_key_duplicate | has_mojibake_marker,player_id,0,0,0,0,0,c13f2a76d1ef3d75993ae6909da39122426c7cb2c9fe1b870ef4aa0554e4e65a,retain_raw_derive_from_history
player_market_value,football-datasets-main/datalake/transfermarkt/player_market_value/player_market_value.csv,Data/processed/football_datalake_clean/tables/player_market_value_clean.csv,One player valuation observation date.,901429,901429,3,11,source_file | source_row_number | source_record_id | valuation_status | has_positive_valuation | natural_key_missing | natural_key_duplicate | has_mojibake_marker,player_id + date_unix,0,0,0,0,0,c7b2b12d74ba3bea04528c6c56cc571a476b9566053fb987890191b92b325efb,union_canonical_valuation_history
player_national_performances,football-datasets-main/datalake/transfermarkt/player_national_performances/player_national_performances.csv,Data/processed/football_datalake_clean/tables/player_national_performances_clean.csv,One player-national-team career summary.,92701,92701,9,17,source_file | source_row_number | source_record_id | career_state_normalized | debut_available | natural_key_missing | natural_key_duplicate | has_mojibake_marker,player_id + team_id,0,113,0,0,0,05d835477437b82c7674c9625f8c990b09a97f2f40e9e7d0aa9b1b633a07b413,keep_separate_fact
player_performances,football-datasets-main/datalake/transfermarkt/player_performances/player_performances.csv,Data/processed/football_datalake_clean/tables/player_performances_clean.csv,One player-team-competition-season performance summary.,1878719,1878719,20,33,source_file | source_row_number | source_record_id | season_start_year | season_end_year | competition_name_normalized | team_name_normalized | minutes_available | goals_available | performance_metric_missing_count | natural_key_missing | natural_key_duplicate | has_mojibake_marker,player_id + season_name + competition_id + team_id,0,0,3867,0,0,b9579ca3acec11cdbde7acf960bd24033b4593937d62da965273edea77c4caee,keep_separate_fact_reconcile_to_appearances
player_profiles,football-datasets-main/datalake/transfermarkt/player_profiles/player_profiles.csv,Data/processed/football_datalake_clean/tables/player_profiles_clean.csv,One current/latest player profile snapshot.,92671,92671,34,50,source_file | source_row_number | source_record_id | player_name_normalized | place_of_birth_normalized | country_of_birth_normalized | citizenship_normalized | current_club_name_normalized | player_agent_name_normalized | player_name_display | player_name_display_normalized | current_club_status | snapshot_leakage_risk | natural_key_missing | natural_key_duplicate | has_mojibake_marker,player_id,0,0,472,0,272,cced9101ac9b6f2e23cdd3f42bf82804b966edba9b3381dea985dd8a1916e776,merge_as_dimension_evidence
player_teammates_played_with,football-datasets-main/datalake/transfermarkt/player_teammates_played_with/player_teammates_played_with.csv,Data/processed/football_datalake_clean/tables/player_teammates_played_with_clean.csv,One directed player-to-teammate relationship.,1257342,1257342,6,17,source_file | source_row_number | source_record_id | teammate_player_name_normalized | is_self_relationship | ppg_available | joint_goal_participation_available | minutes_available | natural_key_missing | natural_key_duplicate | has_mojibake_marker,player_id + teammate_player_id,0,0,428,0,0,70436236162be77c051973e43c9f8516d0834fcc9b6960bd29a4b4a8d3b1aa26,keep_separate_edge_table
team_children,football-datasets-main/datalake/transfermarkt/team_children/team_children.csv,Data/processed/football_datalake_clean/tables/team_children_clean.csv,One parent-club to child-club relationship.,7695,7695,5,14,source_file | source_row_number | source_record_id | parent_team_name_normalized | child_team_name_normalized | is_self_link | natural_key_missing | natural_key_duplicate | has_mojibake_marker,parent_team_id + child_team_id,0,0,38,0,0,eccc7615079fbb787a631a24bd876d9f0ea08e242d90844adb482d37ebaa154f,keep_separate_bridge
team_competitions_seasons,football-datasets-main/datalake/transfermarkt/team_competitions_seasons/team_competitions_seasons.csv,Data/processed/football_datalake_clean/tables/team_competitions_seasons_clean.csv,One club-competition-season standings summary.,58247,58247,29,42,source_file | source_row_number | source_record_id | season_start_year | season_end_year | competition_name_normalized | season_manager_manager_name_normalized | team_name_normalized | wdl_matches_total | goal_difference_matches | natural_key_missing | natural_key_duplicate | has_mojibake_marker,club_id + competition_id + season_id,0,646,144,0,0,7706c0d82600216c3ae10b243ba1f5ba82283331ff28e56406701127298fff31,keep_separate_fact
team_details,football-datasets-main/datalake/transfermarkt/team_details/team_details.csv,Data/processed/football_datalake_clean/tables/team_details_clean.csv,One current/latest club profile snapshot.,2175,2175,12,25,source_file | source_row_number | source_record_id | club_name_normalized | country_name_normalized | competition_name_normalized | club_name_display | club_name_display_normalized | is_snapshot_record | snapshot_leakage_risk | natural_key_missing | natural_key_duplicate | has_mojibake_marker,club_id,0,0,7,0,0,aa2c95c1751f5e7d5bd50c48a677846851543d2e675dcad0ad2f1ceba1a56eba,merge_as_dimension_evidence
transfer_history,football-datasets-main/datalake/transfermarkt/transfer_history/transfer_history.csv,Data/processed/football_datalake_clean/tables/transfer_history_clean.csv,One recorded player movement between clubs on a date.,1101440,1101440,10,23,source_file | source_row_number | source_record_id | season_start_year | season_end_year | from_team_name_normalized | to_team_name_normalized | transfer_type_normalized | transfer_fee_status | value_at_transfer_status | natural_key_missing | natural_key_duplicate | has_mojibake_marker,player_id + transfer_date + from_team_id + to_team_id,580,223,3325,0,0,adf6eb9b131f71b793df7a1ba8e0a725c686dbb4223f855df6c54d56fa0ea9a4,union_canonical_transfer_history
