table,source_file,source_relative_path,source_bytes,source_sha256,backup_relative_path,backup_bytes,backup_sha256,hashes_match,source_row_count,clean_relative_path,clean_bytes,clean_sha256
countries,countries.csv,Data/TransferMarkt/countries.csv,13060,fe979676a2dec03a23a6d72b02b60f47bf5171e7db42abbcd6073958808acf70,Data/source_backups/transfermarkt_original/countries.csv,13060,fe979676a2dec03a23a6d72b02b60f47bf5171e7db42abbcd6073958808acf70,True,124,Data/processed/transfermarkt_clean/tables/countries_clean.csv,16347,274a01c926e291b3af54191d7d196ef46c70f917412fdad327edf37bc76c4977
competitions,competitions.csv,Data/TransferMarkt/competitions.csv,10875,6e62a5e2b3040464c16d08f1caed33c332b95b3418d33a96a32a4500115b8aba,Data/source_backups/transfermarkt_original/competitions.csv,10875,6e62a5e2b3040464c16d08f1caed33c332b95b3418d33a96a32a4500115b8aba,True,65,Data/processed/transfermarkt_clean/tables/competitions_clean.csv,13218,2b7e2aab78c8cd8a7da95d2d0d217c51fd23b27c1c444133e1b01c158fea5b23
national_teams,national_teams.csv,Data/TransferMarkt/national_teams.csv,29008,00280848c0dc0a5021ae81f64231573f45b535c362f9db233ccd3b505b5abf06,Data/source_backups/transfermarkt_original/national_teams.csv,29008,00280848c0dc0a5021ae81f64231573f45b535c362f9db233ccd3b505b5abf06,True,124,Data/processed/transfermarkt_clean/tables/national_teams_clean.csv,32921,053e0d0df1d50aa79ebd83fc4257a4c232749918cf068b7841386e85b6f07d91
players,players.csv,Data/TransferMarkt/players.csv,17122561,c18ecc750880f2d969a252ed4e8e8febbe155498e83be39a528bfc8970515029,Data/source_backups/transfermarkt_original/players.csv,17122561,c18ecc750880f2d969a252ed4e8e8febbe155498e83be39a528bfc8970515029,True,50149,Data/processed/transfermarkt_clean/tables/players_clean.csv,18209713,8d9761351cc08b036de26baa355870a370ac693d6f355eba3f81c0da15668b41
clubs,clubs.csv,Data/TransferMarkt/clubs.csv,183874,0d6ce1af95b7af66833e2b0c78f72295db287bd759c8859dc6c91da8eb1ce0b3,Data/source_backups/transfermarkt_original/clubs.csv,183874,0d6ce1af95b7af66833e2b0c78f72295db287bd759c8859dc6c91da8eb1ce0b3,True,796,Data/processed/transfermarkt_clean/tables/clubs_clean.csv,207422,8a68a77b1882668c807599454d040147150ddab670712e5ba674365087714560
transfers,transfers.csv,Data/TransferMarkt/transfers.csv,2970177,d4658bc5c39b57e984d907d103830a08fb9720be9c3f18f0cfde1c552c47acb1,Data/source_backups/transfermarkt_original/transfers.csv,2970177,d4658bc5c39b57e984d907d103830a08fb9720be9c3f18f0cfde1c552c47acb1,True,35139,Data/processed/transfermarkt_clean/tables/transfers_clean.csv,8085657,e99e82fa1b660236c893a4f0f543edda1c5282a3058767a7c665db3fb53f8221
player_valuations,player_valuations.csv,Data/TransferMarkt/player_valuations.csv,24684851,d03f484fd0d3ffc7217d4e73e1b4c57bafb3beb6b8d97f5df307f4a3fe5f9ca0,Data/source_backups/transfermarkt_original/player_valuations.csv,24684851,d03f484fd0d3ffc7217d4e73e1b4c57bafb3beb6b8d97f5df307f4a3fe5f9ca0,True,507815,Data/processed/transfermarkt_clean/tables/player_valuations_clean.csv,41837005,7a3296dc64ddde8fbfc2829a239866133384c64e2e23d0936553dbeabe7ec0b3
games,games.csv,Data/TransferMarkt/games.csv,25041698,026244992cecacfc66ef6929442837deaff0bc2d0f65af0b6f5df32b29eea018,Data/source_backups/transfermarkt_original/games.csv,25041698,026244992cecacfc66ef6929442837deaff0bc2d0f65af0b6f5df32b29eea018,True,88958,Data/processed/transfermarkt_clean/tables/games_clean.csv,30425118,811477757a1c2c3f29315a9b95d9785096a5b64dbc9ca08caf9b8f72617afd82
club_games,club_games.csv,Data/TransferMarkt/club_games.csv,11043674,a12209a5fb78f7cd70d67a35689f9c37f3c7d364eed082394cde21495718ffcb,Data/source_backups/transfermarkt_original/club_games.csv,11043674,a12209a5fb78f7cd70d67a35689f9c37f3c7d364eed082394cde21495718ffcb,True,177916,Data/processed/transfermarkt_clean/tables/club_games_clean.csv,14846759,f02856499697d1b93057c5fd2874ca1a27da1908775e708055d888d965607130
appearances,appearances.csv,Data/TransferMarkt/appearances.csv,149145586,be94fb782fa932d1c01d745a8886497b7f9c803283c8ce7cf1b8370536797be5,Data/source_backups/transfermarkt_original/appearances.csv,149145586,be94fb782fa932d1c01d745a8886497b7f9c803283c8ce7cf1b8370536797be5,True,1894350,Data/processed/transfermarkt_clean/tables/appearances_clean.csv,219005338,84d0683ddc51ed1d2c65c4408df58767fd8916de95b3c48978b4587e151a855c
game_lineups,game_lineups.csv,Data/TransferMarkt/game_lineups.csv,352398556,ef1c6a9be0e1368bcdd20491a34a392f941c12f6d840630f914aeb67c4b18135,Data/source_backups/transfermarkt_original/game_lineups.csv,352398556,ef1c6a9be0e1368bcdd20491a34a392f941c12f6d840630f914aeb67c4b18135,True,3179016,Data/processed/transfermarkt_clean/tables/game_lineups_clean.csv,508743023,942c5c6cc5d79c5f2b69e9767889687473dd68fd608e4413fc34a8cc5fdb0f29
game_events,game_events.csv,Data/TransferMarkt/game_events.csv,156873546,3076feec58e3f39f82665e5229ebd1fa3297c55d8ba794bcfacc9f1c02ff02e5,Data/source_backups/transfermarkt_original/game_events.csv,156873546,3076feec58e3f39f82665e5229ebd1fa3297c55d8ba794bcfacc9f1c02ff02e5,True,1274469,Data/processed/transfermarkt_clean/tables/game_events_clean.csv,225998516,140247d039c8e456468938b06f3ee9d7515b5c78e6efa8a3f2effaa8a835041c
