model_type,endpoint,variant,origin_id,evaluation_year,evaluation_rows_total,feature_eligible_rows,feature_unavailable_rows,support_refused_rows,operational_refused_rows,operational_refusal_rate
multinomial,movement_state_3,R1_current_role_structure,origin_2020,2020,420,391,29,30,59,0.14047619047619048
multinomial,movement_state_3,R1_current_role_structure,origin_2021,2021,384,367,17,18,35,0.09114583333333333
multinomial,movement_state_3,R1_current_role_structure,origin_2022,2022,369,356,13,12,25,0.06775067750677506
multinomial,movement_state_3,R1_current_role_structure,origin_2023,2023,380,356,24,6,30,0.07894736842105263
multinomial,movement_state_3,R2_role_trajectory,origin_2020,2020,420,361,59,26,85,0.20238095238095238
multinomial,movement_state_3,R2_role_trajectory,origin_2021,2021,384,340,44,13,57,0.1484375
multinomial,movement_state_3,R2_role_trajectory,origin_2022,2022,369,331,38,13,51,0.13821138211382114
multinomial,movement_state_3,R2_role_trajectory,origin_2023,2023,380,335,45,7,52,0.1368421052631579
multinomial,movement_state_3,S1_onfield_position_competition,origin_2020,2020,420,391,29,28,57,0.1357142857142857
multinomial,movement_state_3,S1_onfield_position_competition,origin_2021,2021,384,367,17,18,35,0.09114583333333333
multinomial,movement_state_3,S1_onfield_position_competition,origin_2022,2022,369,356,13,10,23,0.06233062330623306
multinomial,movement_state_3,S1_onfield_position_competition,origin_2023,2023,380,354,26,2,28,0.07368421052631578
multinomial,movement_state_3,S2_value_and_incoming_competition,origin_2020,2020,420,357,63,6,69,0.16428571428571428
multinomial,movement_state_3,S2_value_and_incoming_competition,origin_2021,2021,384,351,33,9,42,0.109375
multinomial,movement_state_3,S2_value_and_incoming_competition,origin_2022,2022,369,350,19,9,28,0.07588075880758807
multinomial,movement_state_3,S2_value_and_incoming_competition,origin_2023,2023,380,350,30,5,35,0.09210526315789473
multinomial,movement_state_3,C1_combined_role_and_competition,origin_2020,2020,420,330,90,18,108,0.2571428571428571
multinomial,movement_state_3,C1_combined_role_and_competition,origin_2021,2021,384,327,57,14,71,0.18489583333333334
multinomial,movement_state_3,C1_combined_role_and_competition,origin_2022,2022,369,325,44,11,55,0.14905149051490515
multinomial,movement_state_3,C1_combined_role_and_competition,origin_2023,2023,380,331,49,5,54,0.14210526315789473
